timestamp,equity,cash,position_value,num_positions
2025-09-18 06:08:54.200442+00:00,10000.0,10000.0,0.0,0
2025-09-18 06:08:54.229008+00:00,10000.0,10000.0,0.0,0
2025-09-18 06:08:54.246294+00:00,9967.7724065359,8522.597322966116,1445.1750835697844,1
2025-09-18 06:08:54.261198+00:00,9951.094974729329,8522.597322966116,1428.4976517632133,1
2025-09-18 06:08:54.275714+00:00,9992.933774667734,8522.597322966116,1470.336451701619,1
2025-09-18 06:08:54.290816+00:00,9973.30031739458,8522.597322966116,1450.7029944284636,1
2025-09-18 06:08:54.305917+00:00,9966.546870504859,7102.722162661208,2863.8247078436507,2
2025-09-18 06:08:54.319282+00:00,9980.317999656087,7102.722162661208,2877.595836994878,2
2025-09-18 06:08:54.336761+00:00,10025.723744809691,7102.722162661208,2923.0015821484826,2
2025-09-18 06:08:54.352884+00:00,10011.769056334659,7102.722162661208,2909.0468936734496,2
2025-09-18 06:08:54.370626+00:00,9988.227229431774,7102.722162661208,2885.505066770565,2
2025-09-18 06:08:54.384790+00:00,9946.012222791544,7102.722162661208,2843.2900601303354,2
2025-09-18 06:08:54.399358+00:00,9923.0074144726,7102.722162661208,2820.2852518113928,2
2025-09-18 06:08:54.412620+00:00,9968.875295058879,7102.722162661208,2866.15313239767,2
2025-09-18 06:08:54.425691+00:00,10008.19937661641,7102.722162661208,2905.477213955202,2
2025-09-18 06:08:54.446810+00:00,10025.596664828798,7102.722162661208,2922.8745021675886,2
2025-09-18 06:08:54.462159+00:00,9999.762939046348,7102.722162661208,2897.04077638514,2
2025-09-18 06:08:54.479647+00:00,9975.544688272663,7102.722162661208,2872.822525611455,2
2025-09-18 06:08:54.496680+00:00,10061.373710695956,5669.263206819722,4392.110503876233,3
2025-09-18 06:08:54.517357+00:00,10090.940488473263,6921.384786687126,3169.555701786138,2
2025-09-18 06:08:54.533131+00:00,10090.785413323054,6921.384786687126,3169.4006266359293,2
2025-09-18 06:08:54.548614+00:00,10103.427822216878,6921.384786687126,3182.043035529752,2
2025-09-18 06:08:54.563797+00:00,10037.39169691297,6921.384786687126,3116.006910225844,2
2025-09-18 06:08:54.578633+00:00,10098.625594463612,6921.384786687126,3177.2408077764867,2
2025-09-18 06:08:54.594655+00:00,10058.88270050997,6921.384786687126,3137.4979138228446,2
2025-09-18 06:08:54.617044+00:00,10102.017925471373,6921.384786687126,3180.6331387842465,2
2025-09-18 06:08:54.633964+00:00,10030.943255690723,6921.384786687126,3109.5584690035985,2
2025-09-18 06:08:54.649837+00:00,9998.225015735366,6921.384786687126,3076.84022904824,2
2025-09-18 06:08:54.666791+00:00,9995.937306329706,6921.384786687126,3074.55251964258,2
2025-09-18 06:08:54.684342+00:00,10038.934009002292,6921.384786687126,3117.5492223151678,2
2025-09-18 06:08:54.699373+00:00,10010.552849837724,6921.384786687126,3089.1680631505997,2
2025-09-18 06:08:54.714587+00:00,10023.419513836741,6921.384786687126,3102.0347271496157,2
2025-09-18 06:08:54.727973+00:00,9984.027175420008,5433.514482432369,4550.512692987638,3
2025-09-18 06:08:54.743986+00:00,9997.668363006507,5433.514482432369,4564.153880574138,3
2025-09-18 06:08:54.762042+00:00,10056.181341354928,5433.514482432369,4622.666858922558,3
2025-09-18 06:08:54.776898+00:00,10091.184881696703,3953.0128239360747,6138.172057760628,4
2025-09-18 06:08:54.790967+00:00,10131.884033926308,3953.0128239360747,6178.871209990233,4
2025-09-18 06:08:54.807102+00:00,10236.2294740332,3953.0128239360747,6283.216650097125,4
2025-09-18 06:08:54.823032+00:00,10175.330871469781,3953.0128239360747,6222.318047533707,4
2025-09-18 06:08:54.838266+00:00,10288.937486283841,3953.0128239360747,6335.924662347766,4
2025-09-18 06:08:54.852275+00:00,10351.505684406715,3953.0128239360747,6398.492860470639,4
2025-09-18 06:08:54.868559+00:00,10402.305505029923,3953.0128239360747,6449.292681093847,4
2025-09-18 06:08:54.886741+00:00,10498.458242920438,3953.0128239360747,6545.445418984365,4
2025-09-18 06:08:54.904116+00:00,10541.013174144427,3953.0128239360747,6588.000350208353,4
2025-09-18 06:08:54.919075+00:00,10477.051869007366,3953.0128239360747,6524.03904507129,4
2025-09-18 06:08:54.933390+00:00,10474.874862867975,3953.0128239360747,6521.8620389319,4
2025-09-18 06:08:54.948693+00:00,10361.955157693168,3953.0128239360747,6408.942333757093,4
2025-09-18 06:08:54.962981+00:00,10298.814373498535,3953.0128239360747,6345.80154956246,4
2025-09-18 06:08:54.977224+00:00,10266.797929000892,3953.0128239360747,6313.785105064816,4
2025-09-18 06:08:54.992551+00:00,10361.044826251948,3953.0128239360747,6408.032002315873,4
2025-09-18 06:08:55.008671+00:00,10390.934827926374,3953.0128239360747,6437.922003990299,4
2025-09-18 06:08:55.023942+00:00,10321.541335735466,3953.0128239360747,6368.528511799391,4
2025-09-18 06:08:55.038283+00:00,10440.074372361982,3953.0128239360747,6487.061548425907,4
2025-09-18 06:08:55.056769+00:00,10443.933998263034,5370.354308242899,5073.579690020135,3
2025-09-18 06:08:55.072261+00:00,10421.794610481053,5370.354308242899,5051.440302238154,3
2025-09-18 06:08:55.095031+00:00,10381.675509925699,5370.354308242899,5011.321201682799,3
2025-09-18 06:08:55.115371+00:00,10317.458207107129,5370.354308242899,4947.10389886423,3
2025-09-18 06:08:55.133007+00:00,10356.664722633664,3826.4415966620663,6530.223125971599,4
2025-09-18 06:08:55.150518+00:00,10355.075049247527,3826.4415966620663,6528.633452585462,4
2025-09-18 06:08:55.167822+00:00,10342.593661982135,3826.4415966620663,6516.152065320069,4
2025-09-18 06:08:55.190102+00:00,10386.248831580904,5281.986916468093,5104.261915112811,3
2025-09-18 06:08:55.209652+00:00,10335.29770130949,5281.986916468093,5053.310784841397,3
2025-09-18 06:08:55.226562+00:00,10265.942997554042,5281.986916468093,4983.956081085949,3
2025-09-18 06:08:55.252627+00:00,10166.08632841519,6967.825191222284,3198.261137192905,2
2025-09-18 06:08:55.270482+00:00,10146.733501963561,6967.825191222284,3178.908310741277,2
2025-09-18 06:08:55.291806+00:00,10095.818095212795,8365.10683372927,1730.7112614835246,1
2025-09-18 06:08:55.310974+00:00,9988.257497433862,6863.8234490366285,3124.4340483972337,2
2025-09-18 06:08:55.329082+00:00,10008.784572653469,6863.8234490366285,3144.9611236168394,2
2025-09-18 06:08:55.348756+00:00,10006.731442369699,6863.8234490366285,3142.9079933330704,2
2025-09-18 06:08:55.366371+00:00,9957.84727106185,6863.8234490366285,3094.0238220252218,2
2025-09-18 06:08:55.384305+00:00,9979.256235473098,6863.8234490366285,3115.4327864364695,2
2025-09-18 06:08:55.403306+00:00,9967.13954891154,6863.8234490366285,3103.316099874912,2
2025-09-18 06:08:55.426744+00:00,9955.701237378524,8457.178606181906,1498.5226311966178,1
2025-09-18 06:08:55.444421+00:00,9950.372832833076,8457.178606181906,1493.1942266511703,1
2025-09-18 06:08:55.462444+00:00,9947.188200436924,8457.178606181906,1490.0095942550183,1
2025-09-18 06:08:55.483683+00:00,9987.36660380943,8457.178606181906,1530.1879976275243,1
2025-09-18 06:08:55.547982+00:00,10024.499273304737,8457.178606181906,1567.3206671228302,1
2025-09-18 06:08:55.570908+00:00,9949.853060065703,5543.980473782254,4405.87258628345,3
2025-09-18 06:08:55.587719+00:00,9944.207829040575,5543.980473782254,4400.227355258321,3
2025-09-18 06:08:55.603346+00:00,9949.890480381895,5543.980473782254,4405.91000659964,3
2025-09-18 06:08:55.619646+00:00,9964.940425689085,5543.980473782254,4420.9599519068315,3
2025-09-18 06:08:55.635483+00:00,10001.993358668926,5543.980473782254,4458.012884886672,3
2025-09-18 06:08:55.652479+00:00,10102.948989243894,5543.980473782254,4558.968515461641,3
2025-09-18 06:08:55.668729+00:00,10227.856221429556,5543.980473782254,4683.875747647303,3
2025-09-18 06:08:55.685547+00:00,10267.339980478948,5543.980473782254,4723.359506696693,3
2025-09-18 06:08:55.702024+00:00,10232.812251409181,5543.980473782254,4688.831777626926,3
2025-09-18 06:08:55.717777+00:00,10267.096539960592,5543.980473782254,4723.116066178338,3
2025-09-18 06:08:55.732769+00:00,10349.277759922454,5543.980473782254,4805.2972861401995,3
2025-09-18 06:08:55.747913+00:00,10356.238674855169,5543.980473782254,4812.258201072914,3
2025-09-18 06:08:55.761603+00:00,10322.45518195737,4059.5394418220662,6262.915740135304,4
2025-09-18 06:08:55.781309+00:00,10301.8369982353,5496.180216716666,4805.656781518633,3
2025-09-18 06:08:55.798240+00:00,10211.668582910528,5496.180216716666,4715.488366193862,3
2025-09-18 06:08:55.816791+00:00,10110.088799785712,5496.180216716666,4613.908583069046,3
2025-09-18 06:08:55.832146+00:00,10129.321439392312,5496.180216716666,4633.141222675646,3
2025-09-18 06:08:55.852691+00:00,10007.426821870637,5329.232649915093,4678.194171955543,3
2025-09-18 06:08:55.868672+00:00,10028.793822677431,5329.232649915093,4699.561172762339,3
2025-09-18 06:08:55.885139+00:00,10049.90925260809,5329.232649915093,4720.676602692997,3
2025-09-18 06:08:55.901321+00:00,10103.14516501001,5329.232649915093,4773.912515094918,3
2025-09-18 06:08:55.916938+00:00,10058.073956345634,5329.232649915093,4728.8413064305405,3
2025-09-18 06:08:55.931792+00:00,10071.780833233128,5329.232649915093,4742.548183318035,3
2025-09-18 06:08:55.948392+00:00,10216.65091261722,5329.232649915093,4887.418262702126,3
2025-09-18 06:08:55.963730+00:00,10175.199830731575,5329.232649915093,4845.967180816482,3
2025-09-18 06:08:55.976659+00:00,10257.855390407229,5329.232649915093,4928.622740492136,3
2025-09-18 06:08:55.990894+00:00,10204.427137729506,5329.232649915093,4875.194487814413,3
2025-09-18 06:08:56.005189+00:00,10177.356824162573,5329.232649915093,4848.124174247479,3
2025-09-18 06:08:56.020778+00:00,10229.466255468276,5329.232649915093,4900.233605553182,3
2025-09-18 06:08:56.038164+00:00,10252.088257213623,5329.232649915093,4922.85560729853,3
2025-09-18 06:08:56.053316+00:00,10277.841450559084,5329.232649915093,4948.60880064399,3
2025-09-18 06:08:56.068461+00:00,10424.794066504282,5329.232649915093,5095.561416589189,3
2025-09-18 06:08:56.083865+00:00,10280.27027503864,5329.232649915093,4951.037625123547,3
2025-09-18 06:08:56.098680+00:00,10255.793177296364,5329.232649915093,4926.560527381272,3
2025-09-18 06:08:56.111964+00:00,10299.127224170956,5329.232649915093,4969.894574255862,3
2025-09-18 06:08:56.126403+00:00,10284.313924761149,5329.232649915093,4955.081274846056,3
2025-09-18 06:08:56.141268+00:00,10292.728496738313,5329.232649915093,4963.495846823221,3
2025-09-18 06:08:56.155454+00:00,10219.42051246791,5329.232649915093,4890.187862552817,3
2025-09-18 06:08:56.169871+00:00,10205.416267431832,5329.232649915093,4876.183617516738,3
2025-09-18 06:08:56.190025+00:00,10160.864389440321,6835.560158388653,3325.3042310516685,2
2025-09-18 06:08:56.205173+00:00,10047.62540629147,6835.560158388653,3212.0652479028167,2
2025-09-18 06:08:56.223108+00:00,9958.265079417535,8516.722969825858,1441.542109591678,1
2025-09-18 06:08:56.239587+00:00,9952.938172399037,9952.938172399037,0.0,0
2025-09-18 06:08:56.253930+00:00,9952.938172399037,9952.938172399037,0.0,0
2025-09-18 06:08:56.268769+00:00,9952.938172399037,9952.938172399037,0.0,0
2025-09-18 06:08:56.283856+00:00,9952.938172399037,9952.938172399037,0.0,0
2025-09-18 06:08:56.299129+00:00,9952.938172399037,9952.938172399037,0.0,0
2025-09-18 06:08:56.315286+00:00,9952.938172399037,9952.938172399037,0.0,0
2025-09-18 06:08:56.329688+00:00,9952.938172399037,9952.938172399037,0.0,0
2025-09-18 06:08:56.350309+00:00,9923.169484581635,8522.75244422283,1400.4170403588053,1
2025-09-18 06:08:56.378506+00:00,9894.262624011442,8522.75244422283,1371.5101797886127,1
2025-09-18 06:08:56.401383+00:00,9854.886850331442,8522.75244422283,1332.1344061086133,1
2025-09-18 06:08:56.420888+00:00,9848.665775733454,8522.75244422283,1325.9133315106255,1
2025-09-18 06:08:56.440887+00:00,9845.875899142644,8522.75244422283,1323.1234549198139,1
2025-09-18 06:08:56.462653+00:00,9861.268372525446,8522.75244422283,1338.5159283026178,1
2025-09-18 06:08:56.480546+00:00,9847.534085065068,8522.75244422283,1324.7816408422395,1
2025-09-18 06:08:56.502180+00:00,9791.035415454999,8428.318251500279,1362.7171639547191,1
2025-09-18 06:08:56.520104+00:00,9779.110435141582,8428.318251500279,1350.7921836413025,1
2025-09-18 06:08:56.540100+00:00,9777.403629301092,8428.318251500279,1349.0853778008136,1
2025-09-18 06:08:56.557482+00:00,9783.013807422625,8428.318251500279,1354.6955559223456,1
2025-09-18 06:08:56.574412+00:00,9813.629113163235,8428.318251500279,1385.3108616629559,1
2025-09-18 06:08:56.592522+00:00,9851.360132548496,8428.318251500279,1423.041881048216,1
2025-09-18 06:08:56.610473+00:00,9865.66372245903,8428.318251500279,1437.3454709587506,1
2025-09-18 06:08:56.627032+00:00,9829.194902642656,8428.318251500279,1400.8766511423773,1
2025-09-18 06:08:56.642817+00:00,9820.854213299757,8428.318251500279,1392.5359617994775,1
2025-09-18 06:08:56.659509+00:00,9813.64624824608,8428.318251500279,1385.3279967458002,1
2025-09-18 06:08:56.676278+00:00,9848.988159201017,8428.318251500279,1420.6699077007383,1
2025-09-18 06:08:56.695920+00:00,9842.602741131723,8428.318251500279,1414.284489631444,1
2025-09-18 06:08:56.714653+00:00,9877.577552076407,8428.318251500279,1449.2593005761285,1
2025-09-18 06:08:56.730909+00:00,9842.682768676044,8428.318251500279,1414.3645171757646,1
2025-09-18 06:08:56.751680+00:00,9784.66140974527,7003.43062814948,2781.2307815957884,2
2025-09-18 06:08:56.768196+00:00,9829.995265799264,5542.320642492617,4287.674623306647,3
2025-09-18 06:08:56.783549+00:00,9836.026256971232,5542.320642492617,4293.705614478617,3
2025-09-18 06:08:56.800045+00:00,9898.222537772679,5542.320642492617,4355.901895280063,3
2025-09-18 06:08:56.816206+00:00,9929.741578077272,5542.320642492617,4387.420935584654,3
2025-09-18 06:08:56.833080+00:00,9934.108434553746,4223.2726981498345,5710.83573640391,4
2025-09-18 06:08:56.847573+00:00,9928.727108612009,4223.2726981498345,5705.4544104621755,4
2025-09-18 06:08:56.863257+00:00,10046.545645200864,4223.2726981498345,5823.272947051029,4
2025-09-18 06:08:56.881783+00:00,10084.526950568277,4223.2726981498345,5861.254252418444,4
2025-09-18 06:08:56.895630+00:00,10055.651364899239,4223.2726981498345,5832.378666749404,4
2025-09-18 06:08:56.911735+00:00,10003.967714583683,3232.787496831673,6771.18021775201,5
2025-09-18 06:08:56.926883+00:00,9961.548775746105,3232.787496831673,6728.761278914431,5
2025-09-18 06:08:56.941454+00:00,9957.424814642029,3232.787496831673,6724.637317810355,5
2025-09-18 06:08:56.956451+00:00,10009.412095628784,3232.787496831673,6776.624598797112,5
2025-09-18 06:08:56.971944+00:00,9934.473653658099,3232.787496831673,6701.686156826426,5
2025-09-18 06:08:56.986644+00:00,9950.412731991863,3232.787496831673,6717.62523516019,5
2025-09-18 06:08:57.004449+00:00,9996.8392979606,3232.787496831673,6764.051801128928,5
2025-09-18 06:08:57.021209+00:00,10007.66997897996,3232.787496831673,6774.882482148287,5
2025-09-18 06:08:57.050712+00:00,9968.331313498362,3232.787496831673,6735.543816666688,5
2025-09-18 06:08:57.091367+00:00,9891.396552663668,4572.636276863082,5318.760275800586,4
2025-09-18 06:08:57.114584+00:00,9873.024372482747,4572.636276863082,5300.388095619665,4
2025-09-18 06:08:57.132234+00:00,9932.636215376737,4572.636276863082,5359.999938513654,4
2025-09-18 06:08:57.149893+00:00,9834.68435622545,4572.636276863082,5262.04807936237,4
2025-09-18 06:08:57.170170+00:00,9922.297385510974,4572.636276863082,5349.6611086478915,4
2025-09-18 06:08:57.185314+00:00,9990.413343323242,4572.636276863082,5417.777066460161,4
2025-09-18 06:08:57.200859+00:00,10030.794847411247,4572.636276863082,5458.158570548166,4
2025-09-18 06:08:57.215860+00:00,10101.67820424047,4572.636276863082,5529.041927377388,4
2025-09-18 06:08:57.236352+00:00,10036.690542519133,5505.88238124014,4530.808161278992,3
2025-09-18 06:08:57.251985+00:00,10079.32358678582,5505.88238124014,4573.441205545681,3
2025-09-18 06:08:57.269638+00:00,10151.675826597493,5505.88238124014,4645.7934453573525,3
2025-09-18 06:08:57.285156+00:00,10125.744016515782,5505.88238124014,4619.861635275642,3
2025-09-18 06:08:57.300633+00:00,10155.654832608736,5505.88238124014,4649.772451368595,3
2025-09-18 06:08:57.316278+00:00,10025.685161433055,5505.88238124014,4519.8027801929165,3
2025-09-18 06:08:57.333868+00:00,10099.261648039064,2635.4886863019847,7463.772961737079,5
2025-09-18 06:08:57.349255+00:00,10215.877093870957,2635.4886863019847,7580.388407568973,5
2025-09-18 06:08:57.364391+00:00,10242.174801453752,2635.4886863019847,7606.686115151768,5
2025-09-18 06:08:57.378287+00:00,10240.002154137419,2635.4886863019847,7604.513467835433,5
2025-09-18 06:08:57.393448+00:00,10117.960285500305,2635.4886863019847,7482.47159919832,5
2025-09-18 06:08:57.409142+00:00,10128.670102682167,2635.4886863019847,7493.181416380182,5
2025-09-18 06:08:57.425471+00:00,10157.750546990716,2635.4886863019847,7522.261860688732,5
2025-09-18 06:08:57.440047+00:00,10015.292341703422,2635.4886863019847,7379.803655401438,5
2025-09-18 06:08:57.457748+00:00,10019.162048727101,2635.4886863019847,7383.6733624251165,5
2025-09-18 06:08:57.473191+00:00,10036.860605182057,2635.4886863019847,7401.371918880073,5
2025-09-18 06:08:57.491038+00:00,10038.23969415415,4130.589426138828,5907.650268015323,4
2025-09-18 06:08:57.506678+00:00,10185.576900805037,4130.589426138828,6054.987474666209,4
2025-09-18 06:08:57.522420+00:00,10199.136117503629,4130.589426138828,6068.546691364801,4
2025-09-18 06:08:57.538885+00:00,10280.23551192677,4130.589426138828,6149.646085787943,4
2025-09-18 06:08:57.554885+00:00,10286.05174042739,4130.589426138828,6155.462314288563,4
2025-09-18 06:08:57.569835+00:00,10290.524883136619,4130.589426138828,6159.935456997792,4
2025-09-18 06:08:57.589018+00:00,10305.700270600144,5562.43845924485,4743.261811355294,3
2025-09-18 06:08:57.605592+00:00,10356.452854499366,5562.43845924485,4794.014395254518,3
2025-09-18 06:08:57.620688+00:00,10314.252229735155,5562.43845924485,4751.813770490306,3
2025-09-18 06:08:57.637218+00:00,10309.822375348833,5562.43845924485,4747.383916103983,3
2025-09-18 06:08:57.653774+00:00,10428.508977509988,5562.43845924485,4866.070518265137,3
2025-09-18 06:08:57.670746+00:00,10405.8568248173,5562.43845924485,4843.41836557245,3
2025-09-18 06:08:57.686461+00:00,10409.034213912504,5562.43845924485,4846.595754667655,3
2025-09-18 06:08:57.702405+00:00,10470.487799064238,3840.3647255561127,6630.123073508125,4
2025-09-18 06:08:57.716954+00:00,10404.98092966454,3840.3647255561127,6564.616204108426,4
2025-09-18 06:08:57.731985+00:00,10403.760938005189,3840.3647255561127,6563.396212449076,4
2025-09-18 06:08:57.746460+00:00,10412.78571577837,3840.3647255561127,6572.4209902222565,4
2025-09-18 06:08:57.761075+00:00,10428.003819068377,3840.3647255561127,6587.639093512264,4
2025-09-18 06:08:57.775713+00:00,10352.874907382893,3840.3647255561127,6512.51018182678,4
2025-09-18 06:08:57.792897+00:00,10251.944748830367,3840.3647255561127,6411.580023274253,4
2025-09-18 06:08:57.808361+00:00,10321.666759343649,3840.3647255561127,6481.302033787536,4
2025-09-18 06:08:57.823803+00:00,10305.431371564657,2323.3170073638507,7982.114364200806,5
2025-09-18 06:08:57.838423+00:00,10259.59963742427,2323.3170073638507,7936.282630060418,5
2025-09-18 06:08:57.861384+00:00,10116.424229521977,5207.23602544054,4909.188204081437,3
2025-09-18 06:08:57.877057+00:00,10282.222644962932,5207.23602544054,5074.986619522392,3
2025-09-18 06:08:57.892040+00:00,10224.844299888555,5207.23602544054,5017.608274448015,3
2025-09-18 06:08:57.907045+00:00,10232.940642982772,5207.23602544054,5025.704617542232,3
2025-09-18 06:08:57.922810+00:00,10223.0555540557,5207.23602544054,5015.8195286151595,3
2025-09-18 06:08:57.938523+00:00,10187.990685978442,5207.23602544054,4980.754660537903,3
2025-09-18 06:08:57.955374+00:00,10010.461280944615,5207.23602544054,4803.225255504075,3
2025-09-18 06:08:57.977783+00:00,9911.355786826218,8512.205266734001,1399.150520092217,1
2025-09-18 06:08:57.993157+00:00,9880.697050509363,7198.0673517143005,2682.6296987950623,2
2025-09-18 06:08:58.008415+00:00,9839.975134266353,7198.0673517143005,2641.907782552053,2
2025-09-18 06:08:58.026843+00:00,9825.088850417238,8532.848601749927,1292.2402486673116,1
2025-09-18 06:08:58.043112+00:00,9797.735574515837,8532.848601749927,1264.88697276591,1
2025-09-18 06:08:58.058509+00:00,9767.377558059525,8532.848601749927,1234.5289563095969,1
2025-09-18 06:08:58.075102+00:00,9757.639548726305,8532.848601749927,1224.7909469763777,1
2025-09-18 06:08:58.090793+00:00,9772.299660113184,8532.848601749927,1239.4510583632562,1
2025-09-18 06:08:58.107057+00:00,9780.059785298865,8532.848601749927,1247.2111835489382,1
2025-09-18 06:08:58.139071+00:00,9770.131258625033,8532.848601749927,1237.2826568751054,1
2025-09-18 06:08:58.156902+00:00,9762.224384624955,8532.848601749927,1229.3757828750283,1
2025-09-18 06:08:58.174064+00:00,9752.553296245558,8532.848601749927,1219.7046944956305,1
2025-09-18 06:08:58.190057+00:00,9769.436540786495,8532.848601749927,1236.587939036568,1
2025-09-18 06:08:58.206697+00:00,9795.504752375537,8532.848601749927,1262.6561506256087,1
2025-09-18 06:08:58.222209+00:00,9817.207381482673,8532.848601749927,1284.3587797327461,1
2025-09-18 06:08:58.237355+00:00,9828.851769168326,8532.848601749927,1296.0031674183997,1
2025-09-18 06:08:58.251902+00:00,9811.40110813926,8532.848601749927,1278.5525063893333,1
2025-09-18 06:08:58.266842+00:00,9873.110152497713,8532.848601749927,1340.2615507477858,1
2025-09-18 06:08:58.280243+00:00,9878.91376534359,8532.848601749927,1346.0651635936633,1
2025-09-18 06:08:58.296850+00:00,9889.614310308467,8532.848601749927,1356.7657085585395,1
2025-09-18 06:08:58.312289+00:00,9935.798269852023,8532.848601749927,1402.9496681020962,1
2025-09-18 06:08:58.327872+00:00,9866.915233863918,5254.905822857891,4612.009411006027,3
2025-09-18 06:08:58.343681+00:00,9826.045867672086,5254.905822857891,4571.140044814196,3
2025-09-18 06:08:58.358862+00:00,9836.370547508528,5254.905822857891,4581.464724650637,3
2025-09-18 06:08:58.373198+00:00,9842.946457432852,5254.905822857891,4588.040634574961,3
2025-09-18 06:08:58.387358+00:00,9926.53757244094,5254.905822857891,4671.63174958305,3
2025-09-18 06:08:58.402944+00:00,9953.946287239782,5254.905822857891,4699.040464381891,3
2025-09-18 06:08:58.417907+00:00,9775.335945269546,5254.905822857891,4520.430122411655,3
2025-09-18 06:08:58.430698+00:00,9762.566518692214,5254.905822857891,4507.660695834324,3
2025-09-18 06:08:58.445462+00:00,9830.30346464196,5254.905822857891,4575.3976417840695,3
2025-09-18 06:08:58.463713+00:00,9791.577289072728,6460.904186788515,3330.6731022842114,2
2025-09-18 06:08:58.479775+00:00,9849.718405729804,6460.904186788515,3388.8142189412874,2
2025-09-18 06:08:58.496097+00:00,9941.29165472389,6460.904186788515,3480.3874679353735,2
2025-09-18 06:08:58.511946+00:00,10019.842996403468,6460.904186788515,3558.938809614952,2
2025-09-18 06:08:58.527533+00:00,9973.473686832891,4974.192824900664,4999.280861932228,3
2025-09-18 06:08:58.543920+00:00,9863.007366646505,4974.192824900664,4888.814541745841,3
2025-09-18 06:08:58.560364+00:00,9874.638511170837,4974.192824900664,4900.445686270172,3
2025-09-18 06:08:58.576631+00:00,9841.39144814676,4974.192824900664,4867.198623246096,3
2025-09-18 06:08:58.592714+00:00,9863.75861500634,4974.192824900664,4889.565790105677,3
2025-09-18 06:08:58.616143+00:00,9747.752686093088,6554.575674514914,3193.1770115781746,2
2025-09-18 06:08:58.638595+00:00,9778.794341470559,6554.575674514914,3224.218666955646,2
2025-09-18 06:08:58.658709+00:00,9804.376966104963,6554.575674514914,3249.8012915900495,2
2025-09-18 06:08:58.685282+00:00,9870.713802808637,6554.575674514914,3316.138128293724,2
2025-09-18 06:08:58.730076+00:00,9918.967713807644,5189.8712785743655,4729.096435233279,3
2025-09-18 06:08:58.755938+00:00,9923.075426095398,5189.8712785743655,4733.2041475210335,3
2025-09-18 06:08:58.779497+00:00,9989.164184417994,5189.8712785743655,4799.292905843628,3
2025-09-18 06:08:58.796672+00:00,9917.010730330006,5189.8712785743655,4727.13945175564,3
2025-09-18 06:08:58.813585+00:00,9911.821786238503,5189.8712785743655,4721.950507664138,3
2025-09-18 06:08:58.830105+00:00,9840.497147319424,5189.8712785743655,4650.625868745058,3
2025-09-18 06:08:58.847620+00:00,9844.845503566103,5189.8712785743655,4654.974224991738,3
2025-09-18 06:08:58.864663+00:00,9774.642188628983,5189.8712785743655,4584.770910054617,3
2025-09-18 06:08:58.882068+00:00,9744.184598084044,5189.8712785743655,4554.313319509678,3
2025-09-18 06:08:58.898051+00:00,9816.489619074733,3813.8150536167727,6002.67456545796,4
2025-09-18 06:08:58.919742+00:00,9821.422189897601,3813.8150536167727,6007.607136280829,4
2025-09-18 06:08:58.934675+00:00,9721.587098452645,3813.8150536167727,5907.772044835872,4
2025-09-18 06:08:58.948192+00:00,9764.5485959671,3813.8150536167727,5950.733542350327,4
2025-09-18 06:08:58.963819+00:00,9780.021138690638,3813.8150536167727,5966.206085073865,4
2025-09-18 06:08:58.979287+00:00,9717.925052087,2414.9743741074817,7302.950677979517,5
2025-09-18 06:08:58.994796+00:00,9692.319572079057,2414.9743741074817,7277.345197971576,5
2025-09-18 06:08:59.009534+00:00,9684.367189550325,2414.9743741074817,7269.392815442844,5
2025-09-18 06:08:59.024977+00:00,9711.041554742642,2414.9743741074817,7296.06718063516,5
2025-09-18 06:08:59.040103+00:00,9790.852016057712,2414.9743741074817,7375.87764195023,5
2025-09-18 06:08:59.055190+00:00,9892.276316260486,2414.9743741074817,7477.301942153003,5
2025-09-18 06:08:59.071293+00:00,9862.00595409508,2414.9743741074817,7447.031579987599,5
2025-09-18 06:08:59.088105+00:00,9941.74977952838,2414.9743741074817,7526.775405420898,5
2025-09-18 06:08:59.103513+00:00,9888.160034162069,2414.9743741074817,7473.185660054587,5
2025-09-18 06:08:59.119143+00:00,9838.016146818598,2414.9743741074817,7423.041772711116,5
2025-09-18 06:08:59.134094+00:00,9804.684293024737,2414.9743741074817,7389.709918917255,5
2025-09-18 06:08:59.154809+00:00,9717.949570195899,3725.397387997182,5992.552182198717,4
2025-09-18 06:08:59.172295+00:00,9747.767671099737,3725.397387997182,6022.370283102554,4
2025-09-18 06:08:59.191334+00:00,9717.851508612563,5022.767649569073,4695.08385904349,3
2025-09-18 06:08:59.209220+00:00,9686.82147610531,5022.767649569073,4664.053826536236,3
2025-09-18 06:08:59.225021+00:00,9582.027505193942,5022.767649569073,4559.259855624869,3
2025-09-18 06:08:59.240705+00:00,9547.90935543698,5022.767649569073,4525.141705867905,3
2025-09-18 06:08:59.260844+00:00,9516.206118956068,6324.178186545762,3192.0279324103058,2
2025-09-18 06:08:59.280589+00:00,9417.969722981186,8026.452446067477,1391.5172769137093,1
2025-09-18 06:08:59.296711+00:00,9428.070262126103,8026.452446067477,1401.617816058626,1
2025-09-18 06:08:59.313747+00:00,9452.289728707829,8026.452446067477,1425.8372826403524,1
2025-09-18 06:08:59.331569+00:00,9480.453742732912,8026.452446067477,1454.0012966654358,1
2025-09-18 06:08:59.350047+00:00,9483.05586574374,8026.452446067477,1456.6034196762635,1
2025-09-18 06:08:59.369746+00:00,9488.788080013019,8026.452446067477,1462.3356339455427,1
2025-09-18 06:08:59.390260+00:00,9471.272089542324,8026.452446067477,1444.8196434748472,1
2025-09-18 06:08:59.408566+00:00,9431.36077140442,6737.092401173208,2694.268370231211,2
2025-09-18 06:08:59.424796+00:00,9429.309189372683,6737.092401173208,2692.2167881994756,2
2025-09-18 06:08:59.440530+00:00,9415.0597807778,6737.092401173208,2677.9673796045927,2
2025-09-18 06:08:59.455868+00:00,9428.560726354533,6737.092401173208,2691.468325181326,2
2025-09-18 06:08:59.485714+00:00,9411.895528762881,5324.027623148215,4087.8679056146666,3
2025-09-18 06:08:59.503615+00:00,9454.460837653412,5324.027623148215,4130.4332145051985,3
2025-09-18 06:08:59.519723+00:00,9410.02071509353,5324.027623148215,4085.9930919453145,3
2025-09-18 06:08:59.536150+00:00,9390.626612302307,5324.027623148215,4066.598989154092,3
2025-09-18 06:08:59.553290+00:00,9372.680612521799,5324.027623148215,4048.6529893735838,3
2025-09-18 06:08:59.572009+00:00,9312.471647931718,6654.929469893698,2657.5421780380184,2
2025-09-18 06:08:59.588187+00:00,9362.258925963633,6654.929469893698,2707.329456069935,2
2025-09-18 06:08:59.604140+00:00,9413.06340243755,6654.929469893698,2758.133932543851,2
2025-09-18 06:08:59.619455+00:00,9493.413785680203,6654.929469893698,2838.4843157865043,2
2025-09-18 06:08:59.634177+00:00,9478.43362745337,6654.929469893698,2823.5041575596715,2
2025-09-18 06:08:59.647306+00:00,9503.45985635993,6654.929469893698,2848.5303864662324,2
2025-09-18 06:08:59.660982+00:00,9495.95930141965,6654.929469893698,2841.0298315259515,2
2025-09-18 06:08:59.675960+00:00,9440.815392738987,6654.929469893698,2785.8859228452884,2
2025-09-18 06:08:59.690608+00:00,9427.857412793892,6654.929469893698,2772.9279429001926,2
2025-09-18 06:08:59.704560+00:00,9433.879691788849,6654.929469893698,2778.95022189515,2
2025-09-18 06:08:59.717575+00:00,9500.416793833801,6654.929469893698,2845.487323940103,2
2025-09-18 06:08:59.732350+00:00,9457.014158141477,6654.929469893698,2802.084688247779,2
2025-09-18 06:08:59.746208+00:00,9440.400383938188,6654.929469893698,2785.4709140444884,2
2025-09-18 06:08:59.760958+00:00,9478.642411473102,6654.929469893698,2823.712941579404,2
2025-09-18 06:08:59.776111+00:00,9462.755665503237,6654.929469893698,2807.8261956095384,2
2025-09-18 06:08:59.792029+00:00,9487.790864184988,6654.929469893698,2832.8613942912893,2
2025-09-18 06:08:59.807939+00:00,9481.024376878911,6654.929469893698,2826.094906985212,2
2025-09-18 06:08:59.824453+00:00,9483.445396285908,6654.929469893698,2828.515926392209,2
2025-09-18 06:08:59.842336+00:00,9461.580415541814,5234.795899873932,4226.784515667881,3
2025-09-18 06:08:59.857150+00:00,9471.6997151969,5234.795899873932,4236.9038153229685,3
2025-09-18 06:08:59.872693+00:00,9454.32119947223,5234.795899873932,4219.525299598297,3
2025-09-18 06:08:59.889850+00:00,9337.15990066316,6495.408253726558,2841.751646936603,2
2025-09-18 06:08:59.904751+00:00,9303.809076745816,6495.408253726558,2808.400823019258,2
2025-09-18 06:08:59.920644+00:00,9324.784460162777,6495.408253726558,2829.37620643622,2
2025-09-18 06:08:59.936461+00:00,9360.856298199227,6495.408253726558,2865.44804447267,2
2025-09-18 06:08:59.951149+00:00,9361.893032817752,6495.408253726558,2866.4847790911945,2
2025-09-18 06:08:59.967925+00:00,9397.479561425025,6495.408253726558,2902.0713076984675,2
2025-09-18 06:08:59.983573+00:00,9370.125015209424,6495.408253726558,2874.7167614828654,2
2025-09-18 06:08:59.998140+00:00,9364.650327651041,6495.408253726558,2869.2420739244844,2
2025-09-18 06:09:00.022625+00:00,9306.18990815875,6495.408253726558,2810.781654432192,2
2025-09-18 06:09:00.048266+00:00,9268.525837116606,7800.989786393345,1467.5360507232617,1
2025-09-18 06:09:00.069233+00:00,9233.82981358299,5119.786522367672,4114.043291215318,3
2025-09-18 06:09:00.090842+00:00,9319.853074586146,5119.786522367672,4200.0665522184745,3
2025-09-18 06:09:00.116611+00:00,9268.909463729306,5119.786522367672,4149.122941361635,3
2025-09-18 06:09:00.135411+00:00,9234.022501787145,5119.786522367672,4114.235979419473,3
2025-09-18 06:09:00.156441+00:00,9214.278571231587,5162.100004600829,4052.178566630758,3
2025-09-18 06:09:00.172398+00:00,9188.711203709936,3952.44958916434,5236.261614545597,4
2025-09-18 06:09:00.191033+00:00,9250.849551855743,3952.44958916434,5298.399962691402,4
2025-09-18 06:09:00.208955+00:00,9239.012717928119,3952.44958916434,5286.56312876378,4
2025-09-18 06:09:00.226464+00:00,9255.664647776697,3952.44958916434,5303.215058612357,4
2025-09-18 06:09:00.242897+00:00,9289.237605754148,3952.44958916434,5336.788016589808,4
2025-09-18 06:09:00.259733+00:00,9317.850313762472,3952.44958916434,5365.400724598133,4
2025-09-18 06:09:00.276146+00:00,9328.667636022674,3952.44958916434,5376.218046858334,4
2025-09-18 06:09:00.292479+00:00,9364.680813032493,3952.44958916434,5412.231223868153,4
2025-09-18 06:09:00.308440+00:00,9474.126642480212,3952.44958916434,5521.6770533158715,4
2025-09-18 06:09:00.325006+00:00,9568.87911439764,3952.44958916434,5616.4295252332995,4
2025-09-18 06:09:00.341086+00:00,9582.289131257983,3952.44958916434,5629.839542093643,4
2025-09-18 06:09:00.357252+00:00,9510.707348649372,3952.44958916434,5558.257759485031,4
2025-09-18 06:09:00.373184+00:00,9573.846465079449,3952.44958916434,5621.3968759151085,4
2025-09-18 06:09:00.388617+00:00,9635.246278265167,3952.44958916434,5682.796689100828,4
2025-09-18 06:09:00.433142+00:00,9550.222490233242,3952.44958916434,5597.772901068901,4
2025-09-18 06:09:00.480617+00:00,9580.362544455462,3952.44958916434,5627.912955291122,4
2025-09-18 06:09:00.495610+00:00,9570.923707042033,3952.44958916434,5618.474117877693,4
2025-09-18 06:09:00.512149+00:00,9510.329134931853,3952.44958916434,5557.879545767513,4
2025-09-18 06:09:00.527145+00:00,9541.244810658209,3952.44958916434,5588.795221493868,4
2025-09-18 06:09:00.542521+00:00,9575.91751224774,3952.44958916434,5623.467923083401,4
2025-09-18 06:09:00.557515+00:00,9605.940016183586,3952.44958916434,5653.4904270192455,4
2025-09-18 06:09:00.571241+00:00,9650.27633717038,3952.44958916434,5697.82674800604,4
2025-09-18 06:09:00.586009+00:00,9637.580612108577,3952.44958916434,5685.131022944238,4
2025-09-18 06:09:00.600761+00:00,9591.07303583221,3952.44958916434,5638.623446667871,4
2025-09-18 06:09:00.614733+00:00,9582.473740348898,3952.44958916434,5630.024151184557,4
2025-09-18 06:09:00.629036+00:00,9629.434071868058,3952.44958916434,5676.984482703718,4
2025-09-18 06:09:00.643422+00:00,9663.646637310194,3952.44958916434,5711.197048145853,4
2025-09-18 06:09:00.662153+00:00,9611.861300871955,5146.3578844495205,4465.503416422434,3
2025-09-18 06:09:00.676515+00:00,9593.145200589093,5146.3578844495205,4446.787316139572,3
2025-09-18 06:09:00.691545+00:00,9603.54494537837,5146.3578844495205,4457.187060928849,3
2025-09-18 06:09:00.706627+00:00,9572.880002235932,5146.3578844495205,4426.522117786411,3
2025-09-18 06:09:00.721109+00:00,9537.367723061361,5146.3578844495205,4391.009838611842,3
2025-09-18 06:09:00.735015+00:00,9574.950148485845,5146.3578844495205,4428.592264036324,3
2025-09-18 06:09:00.749238+00:00,9542.549192599337,5146.3578844495205,4396.191308149818,3
2025-09-18 06:09:00.764090+00:00,9530.395954223366,5146.3578844495205,4384.038069773846,3
2025-09-18 06:09:00.778886+00:00,9536.002319861214,5146.3578844495205,4389.644435411693,3
2025-09-18 06:09:00.794107+00:00,9540.920708696569,5146.3578844495205,4394.5628242470475,3
2025-09-18 06:09:00.810418+00:00,9580.237656392732,5146.3578844495205,4433.879771943211,3
2025-09-18 06:09:00.827509+00:00,9535.876047683383,5146.3578844495205,4389.518163233863,3
2025-09-18 06:09:00.866299+00:00,9571.490862337772,5146.3578844495205,4425.132977888252,3
2025-09-18 06:09:00.881992+00:00,9554.527867029477,5146.3578844495205,4408.169982579957,3
2025-09-18 06:09:00.903141+00:00,9506.884075505883,6459.427712754035,3047.456362751847,2
2025-09-18 06:09:00.923233+00:00,9436.791943620894,6459.427712754035,2977.3642308668595,2
2025-09-18 06:09:00.948782+00:00,9341.699679097514,7959.157982389352,1382.541696708161,1
2025-09-18 06:09:00.973612+00:00,9323.713811160138,9323.713811160138,0.0,0
2025-09-18 06:09:00.995393+00:00,9323.713811160138,9323.713811160138,0.0,0
2025-09-18 06:09:01.016675+00:00,9323.713811160138,9323.713811160138,0.0,0
2025-09-18 06:09:01.033276+00:00,9323.713811160138,9323.713811160138,0.0,0
2025-09-18 06:09:01.050364+00:00,9323.713811160138,9323.713811160138,0.0,0
2025-09-18 06:09:01.067194+00:00,9323.713811160138,9323.713811160138,0.0,0
2025-09-18 06:09:01.083307+00:00,9323.713811160138,9323.713811160138,0.0,0
2025-09-18 06:09:01.100753+00:00,9323.713811160138,9323.713811160138,0.0,0
2025-09-18 06:09:01.118718+00:00,9323.713811160138,9323.713811160138,0.0,0
2025-09-18 06:09:01.133788+00:00,9323.713811160138,9323.713811160138,0.0,0
2025-09-18 06:09:01.156319+00:00,9323.713811160138,9323.713811160138,0.0,0
2025-09-18 06:09:01.171873+00:00,9323.713811160138,9323.713811160138,0.0,0
2025-09-18 06:09:01.186252+00:00,9323.713811160138,9323.713811160138,0.0,0
2025-09-18 06:09:01.199913+00:00,9323.713811160138,9323.713811160138,0.0,0
2025-09-18 06:09:01.215195+00:00,9323.713811160138,9323.713811160138,0.0,0
2025-09-18 06:09:01.229668+00:00,9323.713811160138,9323.713811160138,0.0,0
2025-09-18 06:09:01.243787+00:00,9323.713811160138,9323.713811160138,0.0,0
2025-09-18 06:09:01.260386+00:00,9323.713811160138,9323.713811160138,0.0,0
2025-09-18 06:09:01.275407+00:00,9323.713811160138,9323.713811160138,0.0,0
2025-09-18 06:09:01.290563+00:00,9301.970934108553,6942.723420078923,2359.2475140296306,2
2025-09-18 06:09:01.304999+00:00,9338.783202146,6942.723420078923,2396.0597820670773,2
2025-09-18 06:09:01.317987+00:00,9294.129684220607,6942.723420078923,2351.406264141683,2
2025-09-18 06:09:01.332180+00:00,9300.526973708184,6942.723420078923,2357.80355362926,2
2025-09-18 06:09:01.347616+00:00,9318.11800020756,6942.723420078923,2375.394580128637,2
2025-09-18 06:09:01.361738+00:00,9365.099119113578,6942.723420078923,2422.375699034655,2
2025-09-18 06:09:01.375880+00:00,9256.573762471271,6942.723420078923,2313.8503423923485,2
2025-09-18 06:09:01.390568+00:00,9231.66056224758,5772.575197028976,3459.0853652186042,3
2025-09-18 06:09:01.404220+00:00,9211.376849931316,5772.575197028976,3438.801652902339,3
2025-09-18 06:09:01.416193+00:00,9251.71626576902,5772.575197028976,3479.1410687400453,3
2025-09-18 06:09:01.430045+00:00,9237.69905684522,5772.575197028976,3465.1238598162445,3
2025-09-18 06:09:01.443797+00:00,9275.404837062528,5772.575197028976,3502.829640033553,3
2025-09-18 06:09:01.457106+00:00,9278.742429124452,5772.575197028976,3506.1672320954754,3
2025-09-18 06:09:01.471402+00:00,9236.996030226619,5772.575197028976,3464.4208331976433,3
2025-09-18 06:09:01.492088+00:00,9196.589350406128,6992.045604514656,2204.543745891472,2
2025-09-18 06:09:01.508513+00:00,9211.45888893937,6992.045604514656,2219.413284424716,2
2025-09-18 06:09:01.527682+00:00,9152.668616370056,8062.871247379643,1089.797368990413,1
2025-09-18 06:09:01.544657+00:00,9164.48546455073,8062.871247379643,1101.6142171710865,1
2025-09-18 06:09:01.560196+00:00,9153.081874430027,8062.871247379643,1090.2106270503834,1
2025-09-18 06:09:01.575454+00:00,9198.488501942848,8062.871247379643,1135.6172545632037,1
2025-09-18 06:09:01.591005+00:00,9142.652534872648,8062.871247379643,1079.7812874930044,1
2025-09-18 06:09:01.606099+00:00,9130.952909778944,8062.871247379643,1068.0816623992998,1
2025-09-18 06:09:01.621490+00:00,9111.378708742453,8062.871247379643,1048.5074613628103,1
2025-09-18 06:09:01.636399+00:00,9090.098320705278,6772.574618009529,2317.5237026957493,2
2025-09-18 06:09:01.651819+00:00,9066.467115153362,6772.574618009529,2293.892497143832,2
2025-09-18 06:09:01.668358+00:00,9131.382171316265,6772.574618009529,2358.8075533067367,2
2025-09-18 06:09:01.683298+00:00,9131.712192572566,6772.574618009529,2359.1375745630376,2
2025-09-18 06:09:01.699093+00:00,9128.707919117303,6772.574618009529,2356.133301107773,2
2025-09-18 06:09:01.714950+00:00,9130.833788442596,6772.574618009529,2358.259170433066,2
2025-09-18 06:09:01.736162+00:00,9080.423827554841,7792.612399392648,1287.8114281621945,1
2025-09-18 06:09:01.755250+00:00,9082.698789789303,7792.612399392648,1290.0863903966556,1
2025-09-18 06:09:01.772117+00:00,9029.69044216751,6623.676982799784,2406.0134593677253,2
2025-09-18 06:09:01.790703+00:00,9038.206465025243,6623.676982799784,2414.529482225459,2
2025-09-18 06:09:01.812113+00:00,9050.752332599126,6623.676982799784,2427.075349799342,2
2025-09-18 06:09:01.832854+00:00,9061.243218866197,6623.676982799784,2437.5662360664123,2
2025-09-18 06:09:01.858446+00:00,9088.807282116642,6623.676982799784,2465.1302993168592,2
2025-09-18 06:09:01.877721+00:00,9076.896040354308,6623.676982799784,2453.2190575545237,2
2025-09-18 06:09:01.893822+00:00,9035.822038905055,6623.676982799784,2412.1450561052716,2
2025-09-18 06:09:01.913970+00:00,8976.845969309092,7827.4601656628965,1149.3858036461947,1
2025-09-18 06:09:01.930081+00:00,8944.055541390288,7827.4601656628965,1116.5953757273915,1
2025-09-18 06:09:01.946923+00:00,8971.23990618339,6497.429022724309,2473.810883459081,2
2025-09-18 06:09:01.963253+00:00,8973.289115140988,6497.429022724309,2475.8600924166785,2
2025-09-18 06:09:01.980070+00:00,8985.1662204569,6497.429022724309,2487.737197732592,2
2025-09-18 06:09:01.996530+00:00,9005.292678114241,6497.429022724309,2507.8636553899332,2
2025-09-18 06:09:02.012757+00:00,8961.699799548198,6497.429022724309,2464.2707768238897,2
2025-09-18 06:09:02.028596+00:00,9050.324240234571,6497.429022724309,2552.8952175102622,2
2025-09-18 06:09:02.044374+00:00,9016.5256554103,6497.429022724309,2519.0966326859907,2
2025-09-18 06:09:02.066496+00:00,8933.613610011034,7560.386187416404,1373.2274225946308,1
2025-09-18 06:09:02.081743+00:00,8947.627350124843,7560.386187416404,1387.2411627084396,1
2025-09-18 06:09:02.097841+00:00,8944.852486185677,7560.386187416404,1384.4662987692723,1
2025-09-18 06:09:02.113373+00:00,8948.30735837112,7560.386187416404,1387.9211709547162,1
2025-09-18 06:09:02.130056+00:00,8931.123932134346,7560.386187416404,1370.7377447179408,1
2025-09-18 06:09:02.148558+00:00,8936.648138233548,6242.3834650613,2694.2646731722475,2
2025-09-18 06:09:02.163837+00:00,8948.524398743688,6242.3834650613,2706.140933682388,2
2025-09-18 06:09:02.179091+00:00,8946.507984311454,6242.3834650613,2704.124519250155,2
2025-09-18 06:09:02.193842+00:00,8944.49609037588,6242.3834650613,2702.1126253145803,2
2025-09-18 06:09:02.226151+00:00,8994.824156444363,6242.3834650613,2752.4406913830635,2
2025-09-18 06:09:02.242956+00:00,9052.966850280078,6242.3834650613,2810.583385218779,2
2025-09-18 06:09:02.258542+00:00,9024.980883736021,6242.3834650613,2782.5974186747208,2
2025-09-18 06:09:02.274303+00:00,9046.222204211277,6242.3834650613,2803.8387391499764,2
2025-09-18 06:09:02.289675+00:00,8996.860379436737,6242.3834650613,2754.4769143754384,2
2025-09-18 06:09:02.305922+00:00,9067.147046407488,6242.3834650613,2824.7635813461893,2
2025-09-18 06:09:02.375067+00:00,9112.359163394907,6242.3834650613,2869.9756983336074,2
2025-09-18 06:09:02.396682+00:00,9150.809727295204,6242.3834650613,2908.426262233903,2
2025-09-18 06:09:02.414221+00:00,9174.641513564808,6242.3834650613,2932.2580485035082,2
2025-09-18 06:09:02.430673+00:00,9174.284478965474,6242.3834650613,2931.901013904174,2
2025-09-18 06:09:02.447680+00:00,9210.376823782233,6242.3834650613,2967.993358720934,2
2025-09-18 06:09:02.464788+00:00,9220.867509414307,6242.3834650613,2978.4840443530084,2
2025-09-18 06:09:02.481501+00:00,9168.701882651323,6242.3834650613,2926.3184175900233,2
2025-09-18 06:09:02.497319+00:00,9223.95069655764,6242.3834650613,2981.5672314963394,2
2025-09-18 06:09:02.514133+00:00,9241.988272296268,6242.3834650613,2999.6048072349686,2
2025-09-18 06:09:02.531420+00:00,9204.35020139183,4909.9340905698,4294.4161108220305,3
2025-09-18 06:09:02.547487+00:00,9247.559680597096,4909.9340905698,4337.625590027295,3
2025-09-18 06:09:02.566064+00:00,9312.297281847088,3740.312938885746,5571.984342961343,4
2025-09-18 06:09:02.581381+00:00,9264.16961440727,3740.312938885746,5523.856675521525,4
2025-09-18 06:09:02.597762+00:00,9222.125768102316,3740.312938885746,5481.812829216569,4
2025-09-18 06:09:02.614198+00:00,9174.365850764947,3740.312938885746,5434.052911879201,4
2025-09-18 06:09:02.629900+00:00,9152.743823894582,3740.312938885746,5412.4308850088355,4
2025-09-18 06:09:02.645967+00:00,9238.086680990295,3740.312938885746,5497.773742104548,4
2025-09-18 06:09:02.664759+00:00,9163.569571976384,3740.312938885746,5423.256633090638,4
2025-09-18 06:09:02.683036+00:00,9238.079723073108,3740.312938885746,5497.766784187363,4
2025-09-18 06:09:02.701296+00:00,9253.047957335984,3740.312938885746,5512.735018450238,4
2025-09-18 06:09:02.727015+00:00,9265.389381822963,3740.312938885746,5525.076442937216,4
2025-09-18 06:09:02.747738+00:00,9315.721884523637,3740.312938885746,5575.408945637891,4
2025-09-18 06:09:02.768244+00:00,9351.4459445379,3740.312938885746,5611.133005652154,4
2025-09-18 06:09:02.785938+00:00,9415.06070942405,3740.312938885746,5674.7477705383035,4
2025-09-18 06:09:02.801798+00:00,9343.826995489406,3740.312938885746,5603.514056603661,4
2025-09-18 06:09:02.817428+00:00,9417.480393050198,3740.312938885746,5677.167454164453,4
2025-09-18 06:09:02.834803+00:00,9358.555552868078,3740.312938885746,5618.242613982332,4
2025-09-18 06:09:02.856648+00:00,9339.36672813493,5286.462617925292,4052.904110209637,3
2025-09-18 06:09:02.873495+00:00,9363.279087840412,3974.5704114492737,5388.708676391139,4
2025-09-18 06:09:02.889988+00:00,9356.671078731488,3974.5704114492737,5382.100667282215,4
2025-09-18 06:09:02.907980+00:00,9283.714219120633,3974.5704114492737,5309.14380767136,4
2025-09-18 06:09:02.924058+00:00,9263.130048861323,3974.5704114492737,5288.5596374120505,4
2025-09-18 06:09:02.939642+00:00,9343.82073408163,3974.5704114492737,5369.250322632356,4
2025-09-18 06:09:02.957157+00:00,9286.40728442509,2575.3024455137165,6711.104838911373,5
2025-09-18 06:09:02.977285+00:00,9188.792756131446,3744.0732955583508,5444.7194605730965,4
2025-09-18 06:09:02.994315+00:00,9195.170628425123,3744.0732955583508,5451.0973328667715,4
2025-09-18 06:09:03.015056+00:00,9131.866935448437,4993.90121081481,4137.965724633628,3
2025-09-18 06:09:03.035341+00:00,9092.733678399381,6276.720604095886,2816.0130743034956,2
2025-09-18 06:09:03.052414+00:00,9129.19425658339,6276.720604095886,2852.473652487504,2
2025-09-18 06:09:03.069695+00:00,9202.242423651496,6276.720604095886,2925.5218195556095,2
2025-09-18 06:09:03.086165+00:00,9123.823208359958,6276.720604095886,2847.102604264071,2
2025-09-18 06:09:03.104412+00:00,9143.344452622538,6276.720604095886,2866.6238485266513,2
2025-09-18 06:09:03.119107+00:00,9158.347798390576,6276.720604095886,2881.6271942946887,2
2025-09-18 06:09:03.134194+00:00,9066.574965768708,6276.720604095886,2789.8543616728225,2
2025-09-18 06:09:03.148966+00:00,9155.339964287487,6276.720604095886,2878.6193601916,2
2025-09-18 06:09:03.166633+00:00,9130.200101386574,6276.720604095886,2853.4794972906875,2
2025-09-18 06:09:03.185129+00:00,9116.019694371811,6276.720604095886,2839.2990902759257,2
2025-09-18 06:09:03.201618+00:00,9063.599231789507,6276.720604095886,2786.8786276936207,2
2025-09-18 06:09:03.223016+00:00,9077.39810951833,6276.720604095886,2800.6775054224436,2
2025-09-18 06:09:03.242152+00:00,9053.315971516953,6276.720604095886,2776.595367421067,2
2025-09-18 06:09:03.259841+00:00,9078.382350589694,6276.720604095886,2801.6617464938076,2
2025-09-18 06:09:03.274570+00:00,9114.970030583261,6276.720604095886,2838.2494264873753,2
2025-09-18 06:09:03.290938+00:00,9139.999162396582,6276.720604095886,2863.2785583006953,2
2025-09-18 06:09:03.303980+00:00,9168.360385846518,4931.586969964263,4236.773415882255,3
2025-09-18 06:09:03.319072+00:00,9216.122550590908,4931.586969964263,4284.535580626645,3
2025-09-18 06:09:03.333698+00:00,9222.75215563419,4931.586969964263,4291.165185669928,3
2025-09-18 06:09:03.351759+00:00,9246.795785875904,4931.586969964263,4315.20881591164,3
2025-09-18 06:09:03.368244+00:00,9432.344997675844,4931.586969964263,4500.758027711581,3
2025-09-18 06:09:03.385829+00:00,9390.879320794349,4931.586969964263,4459.292350830086,3
2025-09-18 06:09:03.401426+00:00,9485.97091017223,4931.586969964263,4554.383940207967,3
2025-09-18 06:09:03.417392+00:00,9458.399735240719,4931.586969964263,4526.812765276456,3
2025-09-18 06:09:03.433011+00:00,9467.451237448138,4931.586969964263,4535.864267483876,3
2025-09-18 06:09:03.449600+00:00,9513.792338831609,4931.586969964263,4582.205368867347,3
2025-09-18 06:09:03.464855+00:00,9592.961350596934,4931.586969964263,4661.374380632671,3
2025-09-18 06:09:03.481310+00:00,9612.01163124606,4931.586969964263,4680.424661281798,3
2025-09-18 06:09:03.499362+00:00,9662.95160930508,4931.586969964263,4731.364639340819,3
2025-09-18 06:09:03.515808+00:00,9596.924099575292,4931.586969964263,4665.337129611029,3
2025-09-18 06:09:03.532562+00:00,9620.80079780467,4931.586969964263,4689.213827840408,3
2025-09-18 06:09:03.549509+00:00,9700.979762427094,3574.250322563993,6126.729439863101,4
2025-09-18 06:09:03.581663+00:00,9627.918324711483,3574.250322563993,6053.66800214749,4
2025-09-18 06:09:03.598924+00:00,9677.04087391935,3574.250322563993,6102.790551355357,4
2025-09-18 06:09:03.618084+00:00,9692.241695366425,3574.250322563993,6117.991372802431,4
2025-09-18 06:09:03.634175+00:00,9644.153199722423,3574.250322563993,6069.902877158431,4
2025-09-18 06:09:03.649429+00:00,9611.143721860346,3574.250322563993,6036.893399296354,4
2025-09-18 06:09:03.665813+00:00,9629.212559876,3574.250322563993,6054.962237312006,4
2025-09-18 06:09:03.681351+00:00,9517.47174754733,3574.250322563993,5943.221424983337,4
2025-09-18 06:09:03.697357+00:00,9522.807126631064,2223.6098169745896,7299.197309656473,5
2025-09-18 06:09:03.715667+00:00,9502.774418928024,3607.9001411809777,5894.874277747045,4
2025-09-18 06:09:03.731335+00:00,9542.12990309899,3607.9001411809777,5934.2297619180135,4
2025-09-18 06:09:03.746783+00:00,9541.563444167248,3607.9001411809777,5933.66330298627,4
2025-09-18 06:09:03.761462+00:00,9536.297236964583,3607.9001411809777,5928.397095783605,4
2025-09-18 06:09:03.778340+00:00,9532.901914243415,3607.9001411809777,5925.001773062437,4
2025-09-18 06:09:03.794467+00:00,9541.279537957063,3607.9001411809777,5933.379396776087,4
2025-09-18 06:09:03.813029+00:00,9532.348574647587,3607.9001411809777,5924.4484334666095,4
2025-09-18 06:09:03.832283+00:00,9498.312469739067,5264.057015440078,4234.255454298989,3
2025-09-18 06:09:03.847846+00:00,9487.295126732199,5264.057015440078,4223.238111292119,3
2025-09-18 06:09:03.863517+00:00,9471.036905816776,5264.057015440078,4206.979890376698,3
2025-09-18 06:09:03.878384+00:00,9485.80916327749,5264.057015440078,4221.752147837412,3
2025-09-18 06:09:03.892914+00:00,9480.036872628636,5264.057015440078,4215.9798571885585,3
2025-09-18 06:09:03.907681+00:00,9374.970855951942,5264.057015440078,4110.913840511865,3
2025-09-18 06:09:03.928663+00:00,9372.326726887899,6659.640978626352,2712.685748261548,2
2025-09-18 06:09:03.944246+00:00,9356.999992325063,6659.640978626352,2697.3590136987114,2
2025-09-18 06:09:03.964081+00:00,9361.795819516605,7888.082358210671,1473.7134613059338,1
2025-09-18 06:09:03.981015+00:00,9350.08772617123,7888.082358210671,1462.0053679605599,1
2025-09-18 06:09:04.002294+00:00,9377.522170815555,7888.082358210671,1489.4398126048832,1
2025-09-18 06:09:04.029040+00:00,9394.918099931752,7888.082358210671,1506.8357417210805,1
2025-09-18 06:09:04.071249+00:00,9383.830615767944,7888.082358210671,1495.7482575572726,1
2025-09-18 06:09:04.096042+00:00,9372.323075461094,7888.082358210671,1484.240717250422,1
2025-09-18 06:09:04.113084+00:00,9413.216077547939,7888.082358210671,1525.1337193372683,1
2025-09-18 06:09:04.129342+00:00,9380.665845184525,7888.082358210671,1492.5834869738528,1
2025-09-18 06:09:04.145661+00:00,9405.808559093992,7888.082358210671,1517.72620088332,1
2025-09-18 06:09:04.163191+00:00,9450.47968783325,6992.815020064455,2457.6646677687963,2
2025-09-18 06:09:04.179680+00:00,9473.918279347792,6992.815020064455,2481.103259283337,2
2025-09-18 06:09:04.197125+00:00,9467.5273287823,6992.815020064455,2474.712308717846,2
2025-09-18 06:09:04.213134+00:00,9507.193540159775,6992.815020064455,2514.37852009532,2
2025-09-18 06:09:04.228733+00:00,9499.11499944894,6992.815020064455,2506.2999793844856,2
2025-09-18 06:09:04.243811+00:00,9464.63898769236,6992.815020064455,2471.8239676279063,2
2025-09-18 06:09:04.259831+00:00,9486.761012458071,6992.815020064455,2493.9459923936156,2
2025-09-18 06:09:04.276380+00:00,9484.790696771503,6992.815020064455,2491.9756767070467,2
2025-09-18 06:09:04.293903+00:00,9523.991749244127,5613.108922321671,3910.882826922457,3
2025-09-18 06:09:04.309714+00:00,9415.082995189368,4301.502807094606,5113.580188094763,4
2025-09-18 06:09:04.326003+00:00,9444.6029427071,4301.502807094606,5143.100135612493,4
2025-09-18 06:09:04.341999+00:00,9471.279250375554,4301.502807094606,5169.776443280947,4
2025-09-18 06:09:04.359773+00:00,9507.392641693674,4301.502807094606,5205.889834599067,4
2025-09-18 06:09:04.373942+00:00,9375.150299529188,4301.502807094606,5073.647492434582,4
2025-09-18 06:09:04.389276+00:00,9366.567621384776,4301.502807094606,5065.06481429017,4
2025-09-18 06:09:04.405984+00:00,9312.237864425857,2983.030498096302,6329.207366329555,5
2025-09-18 06:09:04.425097+00:00,9272.933751942599,4454.601155281622,4818.332596660977,4
2025-09-18 06:09:04.438730+00:00,9194.225296415772,4454.601155281622,4739.624141134151,4
2025-09-18 06:09:04.454847+00:00,9183.964387829774,4454.601155281622,4729.363232548152,4
2025-09-18 06:09:04.470180+00:00,9157.30318972748,4454.601155281622,4702.702034445858,4
2025-09-18 06:09:04.489008+00:00,9093.942347413618,5668.0478389940345,3425.8945084195834,3
2025-09-18 06:09:04.504832+00:00,9117.936495803413,5668.0478389940345,3449.888656809378,3
2025-09-18 06:09:04.524598+00:00,9148.169981020135,6872.550293778392,2275.619687241744,2
2025-09-18 06:09:04.540177+00:00,9152.048309385164,6872.550293778392,2279.4980156067713,2
2025-09-18 06:09:04.555734+00:00,9141.30496775658,6872.550293778392,2268.754673978188,2
2025-09-18 06:09:04.570948+00:00,9136.554152632974,6872.550293778392,2264.003858854582,2
2025-09-18 06:09:04.592307+00:00,9093.046880073314,7732.451185896229,1360.595694177086,1
2025-09-18 06:09:04.613847+00:00,9059.02194424745,7732.451185896229,1326.5707583512212,1
2025-09-18 06:09:04.630268+00:00,9085.774893709506,7732.451185896229,1353.3237078132765,1
2025-09-18 06:09:04.647065+00:00,9053.591275269118,7732.451185896229,1321.1400893728892,1
2025-09-18 06:09:04.671093+00:00,9075.766108701306,7732.451185896229,1343.3149228050777,1
2025-09-18 06:09:04.692632+00:00,9053.881044628419,7732.451185896229,1321.4298587321896,1
2025-09-18 06:09:04.711824+00:00,9022.993968471126,7732.451185896229,1290.5427825748973,1
2025-09-18 06:09:04.729723+00:00,9015.463971974095,7732.451185896229,1283.0127860778666,1
2025-09-18 06:09:04.743550+00:00,9008.239642165061,7732.451185896229,1275.7884562688323,1
2025-09-18 06:09:04.758009+00:00,9027.881499561467,7732.451185896229,1295.4303136652384,1
2025-09-18 06:09:04.779667+00:00,8962.059362941973,7668.680968616159,1293.3783943258145,1
2025-09-18 06:09:04.796441+00:00,8924.678263818843,7668.680968616159,1255.997295202684,1
2025-09-18 06:09:04.814183+00:00,8948.797093510399,7668.680968616159,1280.116124894239,1
2025-09-18 06:09:04.831115+00:00,8958.113716491107,7668.680968616159,1289.4327478749487,1
2025-09-18 06:09:04.848234+00:00,8947.705753332502,7668.680968616159,1279.0247847163434,1
2025-09-18 06:09:04.864600+00:00,8941.670180900233,7668.680968616159,1272.9892122840743,1
2025-09-18 06:09:04.881103+00:00,8961.609994557697,7668.680968616159,1292.929025941539,1
2025-09-18 06:09:04.897004+00:00,8936.96135765219,7668.680968616159,1268.2803890360315,1
2025-09-18 06:09:04.913970+00:00,8916.679009153413,5070.108358876716,3846.570650276696,3
2025-09-18 06:09:04.944162+00:00,8929.90878941707,5070.108358876716,3859.800430540354,3
2025-09-18 06:09:04.961462+00:00,9048.364616055089,5070.108358876716,3978.2562571783724,3
2025-09-18 06:09:04.978668+00:00,9090.97108968189,5070.108358876716,4020.8627308051755,3
2025-09-18 06:09:04.993884+00:00,9067.008856793253,5070.108358876716,3996.9004979165366,3
2025-09-18 06:09:05.009935+00:00,9104.910997770136,5070.108358876716,4034.802638893419,3
2025-09-18 06:09:05.024772+00:00,9149.531522269432,5070.108358876716,4079.423163392715,3
2025-09-18 06:09:05.039721+00:00,9042.573937321093,5070.108358876716,3972.4655784443776,3
2025-09-18 06:09:05.056267+00:00,9097.80668989362,5070.108358876716,4027.698331016904,3
2025-09-18 06:09:05.072351+00:00,9127.310182239182,5070.108358876716,4057.2018233624663,3
2025-09-18 06:09:05.093095+00:00,9157.713886476653,5070.108358876716,4087.605527599938,3
2025-09-18 06:09:05.111539+00:00,9301.376430306134,5070.108358876716,4231.268071429418,3
2025-09-18 06:09:05.127352+00:00,9206.861899026342,5070.108358876716,4136.753540149625,3
2025-09-18 06:09:05.143331+00:00,9258.743574856262,5070.108358876716,4188.635215979546,3
2025-09-18 06:09:05.161362+00:00,9230.360319033289,5070.108358876716,4160.251960156573,3
2025-09-18 06:09:05.177380+00:00,9183.80133606806,5070.108358876716,4113.692977191344,3
2025-09-18 06:09:05.193357+00:00,9279.626867193205,5070.108358876716,4209.51850831649,3
2025-09-18 06:09:05.210706+00:00,9324.47729081956,5070.108358876716,4254.368931942844,3
2025-09-18 06:09:05.226291+00:00,9205.53124013678,5070.108358876716,4135.422881260063,3
2025-09-18 06:09:05.242706+00:00,9190.008593350674,5070.108358876716,4119.900234473958,3
2025-09-18 06:09:05.259255+00:00,9218.992259878578,5070.108358876716,4148.883901001862,3
2025-09-18 06:09:05.277658+00:00,9166.710106276409,5070.108358876716,4096.601747399693,3
2025-09-18 06:09:05.295412+00:00,9228.484721014833,5070.108358876716,4158.376362138116,3
2025-09-18 06:09:05.311663+00:00,9261.15770217203,3854.176760237251,5406.980941934779,4
2025-09-18 06:09:05.327875+00:00,9303.197987280033,3854.176760237251,5449.021227042783,4
2025-09-18 06:09:05.343510+00:00,9290.902699423108,3854.176760237251,5436.725939185857,4
2025-09-18 06:09:05.359105+00:00,9306.650130808888,3854.176760237251,5452.473370571637,4
2025-09-18 06:09:05.373480+00:00,9273.669969860286,3854.176760237251,5419.493209623034,4
2025-09-18 06:09:05.388932+00:00,9287.507742476948,3854.176760237251,5433.330982239698,4
2025-09-18 06:09:05.410982+00:00,9315.553931493032,3854.176760237251,5461.377171255781,4
2025-09-18 06:09:05.431623+00:00,9303.034603988945,3854.176760237251,5448.857843751693,4
2025-09-18 06:09:05.450834+00:00,9365.16839126333,3854.176760237251,5510.991631026079,4
2025-09-18 06:09:05.473706+00:00,9437.589794005202,3854.176760237251,5583.41303376795,4
2025-09-18 06:09:05.499951+00:00,9370.590280256865,3854.176760237251,5516.413520019614,4
2025-09-18 06:09:05.517630+00:00,9350.689200899622,3854.176760237251,5496.512440662372,4
2025-09-18 06:09:05.534226+00:00,9280.16837609582,3854.176760237251,5425.991615858569,4
2025-09-18 06:09:05.550714+00:00,9343.395776205318,3854.176760237251,5489.219015968067,4
2025-09-18 06:09:05.567254+00:00,9342.906202177892,3854.176760237251,5488.729441940641,4
2025-09-18 06:09:05.583287+00:00,9353.501410639445,3854.176760237251,5499.324650402194,4
